operator,mean_m,std_m,mean_rho,mean_pi,count
ACT,3.881333333333333,0.357584065132052,1.0,0.75,45
DEFER,3.461333333333333,0.27138198506566674,1.0,0.4,45
REFRAME,4.538666666666667,0.4331680337404243,1.0,0.65,45
