operator,mean_rho,std_rho,mean_m,mean_pi,mean_gap,count
ACT,0.4861333333333333,0.10816777092399874,6.057333333333333,0.6333333333333333,0.36386666666666667,15
DEFER,0.6912,0.20660044253859394,6.604666666666668,0.4666666666666667,0.2714666666666667,15
REFRAME,0.5404,0.16531174014138084,7.443333333333333,0.5766666666666667,0.24293333333333333,15
